{
  "Author": "Moonhell",
  "Name": "VenueTraffic",
  "InternalName": "VenueTraffic",
  "AssemblyVersion": "0.0.0.1",
  "Description": "A description that shows up in /xlplugins. List any major slash-command(s).",
  "ApplicableVersion": "any",
  "Tags": [
    "sample",
    "plugin",
    "goats"
  ],
  "DalamudApiLevel": 10,
  "LoadRequiredState": 0,
  "LoadSync": false,
  "CanUnloadAsync": false,
  "LoadPriority": 0,
  "Punchline": "A plugin which looks at who's in a venue and for how long.",
  "AcceptsFeedback": true
}